{
  "params": {
    "Kp": 10.0,
    "Ki": 10.0,
    "Kd": 1.0,
    "m": 1.0,
    "c": 2.0,
    "k": 5.0
  },
  "position_metrics": {
    "RiseTime": 0.46223587287315143,
    "TransientTime": 3.941383441106845,
    "SettlingTime": 3.941383441106845,
    "SettlingMin": 0.8141643016908532,
    "SettlingMax": 1.076869467168402,
    "Overshoot": 7.705394514974873,
    "Undershoot": -0.0,
    "Peak": 1.076869467168402,
    "PeakTime": 0.8392230080215957
  }
}